cOlvaTestCase,Benini,12796557839,cbenini0@ameblo.jp,2017-03-13,Vestibulum ante ipsum primis in ,male
cTheadoraTestCase,Bines,62643228909,cbines1@geocities.com,2012-03-11,Donec semper sapien  ,male
cGustieTestCase,Coenraets,51163510732,ccoenraets2@networksolutions.com,2022-02-11,In hac habitasse platea dictums ,female
cMarylouTestCase,Sprague,84117409568,csprague3@mtv.com,2017-03-13, Maecenas tristique, est et tempus sempe ,female
cEmTestCase,Bosomworth,61124936363,cbosomworth4@latimes.com,2013-04-15,Quisque ut era ,female
cMacTestCase,Stango,94156963648,cstango5@netscape.com,2011-01-11,Duis mattis egestas met ,male
cChristianaTestCase,Alloway,95314274312,calloway6@bbc.co.uk,2012-02-23,Phasellus id sapien ,male
cGerianneTestCase,Tomley,30573401249,ctomley7@angelfire.com,2016-06-16,Nulla tellus ,male
cAustineTestCase,McWhan,90259426398,cmcwhan8@uiuc.edu,2017-08-18, Nulla neque liber ,male
cTomasTestCase,Gronou,86528153649,cgronou9@about.com,2017-03-14,Fusce consequa,male
